SSA,PC-S,CB,VB,Fe2+/Fe3+,Light,Dose,pH,C,Time,EHOMO,Hardness,remove
59.916,0.184,-0.25,2.1,1.23,2,20,4.8,10,2,-6.059521,7.2078,0.145062037
59.916,0.184,-0.25,2.1,1.23,2,20,4.8,10,5,-6.059521,7.2078,0.160742135
59.916,0.184,-0.25,2.1,1.23,2,20,4.8,10,10,-6.059521,7.2078,0.197579995
59.916,0.184,-0.25,2.1,1.23,2,20,4.8,10,15,-6.059521,7.2078,0.231752007
59.916,0.184,-0.25,2.1,1.23,2,20,4.8,10,20,-6.059521,7.2078,0.239626628
59.916,0.184,-0.25,2.1,1.23,2,20,4.8,10,30,-6.059521,7.2078,0.278607921
59.916,0.184,-0.25,2.1,1.23,3,20,5.1,5,5,-6.187815,7.034,0.208372242
59.916,0.184,-0.25,2.1,1.23,3,20,5.1,5,10,-6.187815,7.034,0.289722299
59.916,0.184,-0.25,2.1,1.23,3,20,5.1,5,15,-6.187815,7.034,0.351210156
59.916,0.184,-0.25,2.1,1.23,3,20,5.1,5,30,-6.187815,7.034,0.467867989
59.916,0.184,-0.25,2.1,1.23,3,20,5.1,5,60,-6.187815,7.034,0.585047405
59.916,0.184,-0.25,2.1,1.23,1,20,5.1,5,5,-6.187815,7.034,0.131138948
59.916,0.184,-0.25,2.1,1.23,1,20,5.1,5,10,-6.187815,7.034,0.210283246
59.916,0.184,-0.25,2.1,1.23,1,20,5.1,5,15,-6.187815,7.034,0.238996439
59.916,0.184,-0.25,2.1,1.23,1,20,5.1,5,60,-6.187815,7.034,0.290566311
59.916,0.184,-0.25,2.1,1.23,3,30,4.9,10,5,-6.302726,7.2129,0.097012655
59.916,0.184,-0.25,2.1,1.23,3,30,4.9,10,15,-6.302726,7.2129,0.238587543
59.916,0.184,-0.25,2.1,1.23,3,30,4.9,10,25,-6.302726,7.2129,0.309439576
59.916,0.184,-0.25,2.1,1.23,3,30,4.9,10,40,-6.302726,7.2129,0.400060005
59.916,0.184,-0.25,2.1,1.23,3,30,4.9,10,60,-6.302726,7.2129,0.469274395
59.916,0.184,-0.25,2.1,1.23,1,30,4.9,10,5,-6.302726,7.2129,0.146916015
59.916,0.184,-0.25,2.1,1.23,1,30,4.9,10,15,-6.302726,7.2129,0.213623484
59.916,0.184,-0.25,2.1,1.23,1,30,4.9,10,25,-6.302726,7.2129,0.241278477
59.916,0.184,-0.25,2.1,1.23,1,30,4.9,10,40,-6.302726,7.2129,0.246460388
59.916,0.184,-0.25,2.1,1.23,1,30,4.9,10,60,-6.302726,7.2129,0.280358155
15.63,0.14,-0.03,2.29,1.26,2,20,4.8,10,2,-6.059521,7.2078,0.012100784
15.63,0.14,-0.03,2.29,1.26,2,20,4.8,10,5,-6.059521,7.2078,0.033394934
15.63,0.14,-0.03,2.29,1.26,2,20,4.8,10,10,-6.059521,7.2078,0.055759092
15.63,0.14,-0.03,2.29,1.26,2,20,4.8,10,15,-6.059521,7.2078,0.086478726
15.63,0.14,-0.03,2.29,1.26,2,20,4.8,10,20,-6.059521,7.2078,0.109190693
15.63,0.14,-0.03,2.29,1.26,2,20,4.8,10,30,-6.059521,7.2078,0.130270619
15.63,0.14,-0.03,2.29,1.26,2,20,6,10,5,-5.943586,6.9214,0.127540416
15.63,0.14,-0.03,2.29,1.26,2,20,6,10,15,-5.943586,6.9214,0.19131959
15.63,0.14,-0.03,2.29,1.26,2,20,6,10,30,-5.943586,6.9214,0.225976765
15.63,0.14,-0.03,2.29,1.26,2,20,6,10,60,-5.943586,6.9214,0.314659152
15.63,0.14,-0.03,2.29,1.26,3,20,4,10,5,-5.943586,6.9214,0.139207064
15.63,0.14,-0.03,2.29,1.26,3,20,4,10,15,-5.943586,6.9214,0.251693322
15.63,0.14,-0.03,2.29,1.26,3,20,4,10,30,-5.943586,6.9214,0.332564985
15.63,0.14,-0.03,2.29,1.26,3,20,4,10,60,-5.943586,6.9214,0.421575233
15.63,0.14,-0.03,2.29,1.26,3,20,8,10,5,-5.943586,6.9214,0.422380952
15.63,0.14,-0.03,2.29,1.26,3,20,8,10,15,-5.943586,6.9214,0.61797619
15.63,0.14,-0.03,2.29,1.26,3,20,8,10,30,-5.943586,6.9214,0.739761905
15.63,0.14,-0.03,2.29,1.26,3,20,8,10,60,-5.943586,6.9214,0.86547619
15.63,0.14,-0.03,2.29,1.26,3,40,5.2,5,5,-6.302726,7.2129,0.053241674
15.63,0.14,-0.03,2.29,1.26,3,40,5.2,5,15,-6.302726,7.2129,0.106649948
15.63,0.14,-0.03,2.29,1.26,3,40,5.2,5,30,-6.302726,7.2129,0.144187433
15.63,0.14,-0.03,2.29,1.26,3,40,5.2,5,45,-6.302726,7.2129,0.162224015
15.63,0.14,-0.03,2.29,1.26,3,40,5.2,5,60,-6.302726,7.2129,0.190405626
33.3,0.145,-0.45,1.94,0.96,2,20,4.8,10,2,-6.059521,7.2078,0.055053468
33.3,0.145,-0.45,1.94,0.96,2,20,4.8,10,5,-6.059521,7.2078,0.055846443
33.3,0.145,-0.45,1.94,0.96,2,20,4.8,10,10,-6.059521,7.2078,0.094702226
33.3,0.145,-0.45,1.94,0.96,2,20,4.8,10,15,-6.059521,7.2078,0.147201847
33.3,0.145,-0.45,1.94,0.96,2,20,4.8,10,20,-6.059521,7.2078,0.160379229
33.3,0.145,-0.45,1.94,0.96,2,20,4.8,10,30,-6.059521,7.2078,0.199701468
33.3,0.145,-0.45,1.94,0.96,2,20,4,10,5,-6.059521,7.2078,0.03637748
33.3,0.145,-0.45,1.94,0.96,2,20,4,10,10,-6.059521,7.2078,0.043301832
33.3,0.145,-0.45,1.94,0.96,2,20,4,10,15,-6.059521,7.2078,0.049715591
33.3,0.145,-0.45,1.94,0.96,2,20,4,10,20,-6.059521,7.2078,0.066950329
33.3,0.145,-0.45,1.94,0.96,2,20,4,10,30,-6.059521,7.2078,0.072799749
33.3,0.145,-0.45,1.94,0.96,2,20,5,10,5,-6.059521,7.2078,0.026515837
33.3,0.145,-0.45,1.94,0.96,2,20,5,10,10,-6.059521,7.2078,0.053375566
33.3,0.145,-0.45,1.94,0.96,2,20,5,10,15,-6.059521,7.2078,0.086515837
33.3,0.145,-0.45,1.94,0.96,2,20,5,10,20,-6.059521,7.2078,0.091791855
33.3,0.145,-0.45,1.94,0.96,2,20,5,10,30,-6.059521,7.2078,0.12038009
33.3,0.145,-0.45,1.94,0.96,2,20,6,10,5,-6.059521,7.2078,0.077615337
33.3,0.145,-0.45,1.94,0.96,2,20,6,10,10,-6.059521,7.2078,0.083035815
33.3,0.145,-0.45,1.94,0.96,2,20,6,10,15,-6.059521,7.2078,0.091826718
33.3,0.145,-0.45,1.94,0.96,2,20,6,10,20,-6.059521,7.2078,0.147586411
33.3,0.145,-0.45,1.94,0.96,2,20,6,10,30,-6.059521,7.2078,0.176452193
33.3,0.145,-0.45,1.94,0.96,2,20,7,10,5,-6.059521,7.2078,0.038357122
33.3,0.145,-0.45,1.94,0.96,2,20,7,10,10,-6.059521,7.2078,0.073704941
33.3,0.145,-0.45,1.94,0.96,2,20,7,10,15,-6.059521,7.2078,0.121651344
33.3,0.145,-0.45,1.94,0.96,2,20,7,10,20,-6.059521,7.2078,0.143958845
33.3,0.145,-0.45,1.94,0.96,2,20,7,10,30,-6.059521,7.2078,0.209362893
33.3,0.145,-0.45,1.94,0.96,2,20,8,10,5,-6.059521,7.2078,0.122270634
33.3,0.145,-0.45,1.94,0.96,2,20,8,10,10,-6.059521,7.2078,0.157189095
33.3,0.145,-0.45,1.94,0.96,2,20,8,10,15,-6.059521,7.2078,0.190663513
33.3,0.145,-0.45,1.94,0.96,2,20,8,10,20,-6.059521,7.2078,0.21456492
33.3,0.145,-0.45,1.94,0.96,2,20,8,10,30,-6.059521,7.2078,0.239897921
33.3,0.145,-0.45,1.94,0.96,1,20,4.8,10,2,-6.059521,7.2078,0.016923252
33.3,0.145,-0.45,1.94,0.96,1,20,4.8,10,5,-6.059521,7.2078,0.047448251
33.3,0.145,-0.45,1.94,0.96,1,20,4.8,10,10,-6.059521,7.2078,0.062982281
33.3,0.145,-0.45,1.94,0.96,1,20,4.8,10,15,-6.059521,7.2078,0.07745545
33.3,0.145,-0.45,1.94,0.96,1,20,4.8,10,20,-6.059521,7.2078,0.080865359
33.3,0.145,-0.45,1.94,0.96,1,20,4.8,10,30,-6.059521,7.2078,0.082469279
33.3,0.145,-0.45,1.94,0.96,2,10,4.8,10,2,-6.059521,7.2078,0.043498547
33.3,0.145,-0.45,1.94,0.96,2,10,4.8,10,5,-6.059521,7.2078,0.052448516
33.3,0.145,-0.45,1.94,0.96,2,10,4.8,10,10,-6.059521,7.2078,0.094982079
33.3,0.145,-0.45,1.94,0.96,2,10,4.8,10,15,-6.059521,7.2078,0.114122712
33.3,0.145,-0.45,1.94,0.96,2,10,4.8,10,20,-6.059521,7.2078,0.11607389
33.3,0.145,-0.45,1.94,0.96,2,10,4.8,10,30,-6.059521,7.2078,0.136476427
33.3,0.145,-0.45,1.94,0.96,2,30,4.8,10,2,-6.059521,7.2078,0.145006617
33.3,0.145,-0.45,1.94,0.96,2,30,4.8,10,5,-6.059521,7.2078,0.192157787
33.3,0.145,-0.45,1.94,0.96,2,30,4.8,10,10,-6.059521,7.2078,0.19939996
33.3,0.145,-0.45,1.94,0.96,2,30,4.8,10,15,-6.059521,7.2078,0.220346972
33.3,0.145,-0.45,1.94,0.96,2,30,4.8,10,20,-6.059521,7.2078,0.283586825
33.3,0.145,-0.45,1.94,0.96,2,30,4.8,10,30,-6.059521,7.2078,0.332315139
33.3,0.145,-0.45,1.94,0.96,2,20,5.2,5,2,-6.059521,7.2078,0.233144622
33.3,0.145,-0.45,1.94,0.96,2,20,5.2,5,5,-6.059521,7.2078,0.382003774
33.3,0.145,-0.45,1.94,0.96,2,20,5.2,5,10,-6.059521,7.2078,0.416658089
33.3,0.145,-0.45,1.94,0.96,2,20,5.2,5,15,-6.059521,7.2078,0.451055069
33.3,0.145,-0.45,1.94,0.96,2,20,5.2,5,20,-6.059521,7.2078,0.483067422
33.3,0.145,-0.45,1.94,0.96,2,20,5.2,5,30,-6.059521,7.2078,0.52652256
33.3,0.145,-0.45,1.94,0.96,2,20,4.6,20,2,-6.059521,7.2078,0.016628182
33.3,0.145,-0.45,1.94,0.96,2,20,4.6,20,5,-6.059521,7.2078,0.031617644
33.3,0.145,-0.45,1.94,0.96,2,20,4.6,20,10,-6.059521,7.2078,0.053937527
33.3,0.145,-0.45,1.94,0.96,2,20,4.6,20,15,-6.059521,7.2078,0.079118597
33.3,0.145,-0.45,1.94,0.96,2,20,4.6,20,20,-6.059521,7.2078,0.104934999
33.3,0.145,-0.45,1.94,0.96,2,20,4.6,20,30,-6.059521,7.2078,0.121966288
33.3,0.145,-0.45,1.94,0.96,1,30,6,10,2,-5.943586,6.9214,0.227164211
33.3,0.145,-0.45,1.94,0.96,1,30,6,10,5,-5.943586,6.9214,0.233784558
33.3,0.145,-0.45,1.94,0.96,1,30,6,10,10,-5.943586,6.9214,0.315326325
33.3,0.145,-0.45,1.94,0.96,1,30,6,10,15,-5.943586,6.9214,0.336333802
33.3,0.145,-0.45,1.94,0.96,1,30,6,10,30,-5.943586,6.9214,0.400679042
33.3,0.145,-0.45,1.94,0.96,1,30,6,10,45,-5.943586,6.9214,0.425119525
33.3,0.145,-0.45,1.94,0.96,1,30,6,10,60,-5.943586,6.9214,0.480715325
33.3,0.145,-0.45,1.94,0.96,1,30,6,10,120,-5.943586,6.9214,0.525703451
33.3,0.145,-0.45,1.94,0.96,1,30,6,10,240,-5.943586,6.9214,0.612864009
33.3,0.145,-0.45,1.94,0.96,1,30,6,10,360,-5.943586,6.9214,0.668352724
33.3,0.145,-0.45,1.94,0.96,1,30,6,10,480,-5.943586,6.9214,0.684012271
33.3,0.145,-0.45,1.94,0.96,1,30,8,10,5,-5.943586,6.9214,0.233146533
33.3,0.145,-0.45,1.94,0.96,1,30,8,10,10,-5.943586,6.9214,0.278481945
33.3,0.145,-0.45,1.94,0.96,1,30,8,10,15,-5.943586,6.9214,0.319600538
33.3,0.145,-0.45,1.94,0.96,1,30,8,10,30,-5.943586,6.9214,0.376941916
33.3,0.145,-0.45,1.94,0.96,1,30,8,10,60,-5.943586,6.9214,0.448953161
33.3,0.145,-0.45,1.94,0.96,1,30,8,10,120,-5.943586,6.9214,0.508516502
33.3,0.145,-0.45,1.94,0.96,1,30,8,10,240,-5.943586,6.9214,0.572480803
33.3,0.145,-0.45,1.94,0.96,1,30,8,10,360,-5.943586,6.9214,0.584296491
33.3,0.145,-0.45,1.94,0.96,1,30,8,10,480,-5.943586,6.9214,0.609075676
33.3,0.145,-0.45,1.94,0.96,3,25,4.5,15,5,-6.187815,7.034,0.280841855
33.3,0.145,-0.45,1.94,0.96,3,25,4.5,15,10,-6.187815,7.034,0.317780339
33.3,0.145,-0.45,1.94,0.96,3,25,4.5,15,15,-6.187815,7.034,0.356897555
33.3,0.145,-0.45,1.94,0.96,3,25,4.5,15,30,-6.187815,7.034,0.394806325
33.3,0.145,-0.45,1.94,0.96,3,25,4.5,15,60,-6.187815,7.034,0.473493558
33.3,0.145,-0.45,1.94,0.96,1,25,4.5,15,5,-6.187815,7.034,0.214787079
33.3,0.145,-0.45,1.94,0.96,1,25,4.5,15,10,-6.187815,7.034,0.252726745
33.3,0.145,-0.45,1.94,0.96,1,25,4.5,15,15,-6.187815,7.034,0.301390962
33.3,0.145,-0.45,1.94,0.96,1,25,4.5,15,30,-6.187815,7.034,0.318575363
33.3,0.145,-0.45,1.94,0.96,1,25,4.5,15,60,-6.187815,7.034,0.361374872
33.3,0.145,-0.45,1.94,0.96,3,35,4.2,30,2,-6.302726,7.2129,0.135039786
33.3,0.145,-0.45,1.94,0.96,3,35,4.2,30,10,-6.302726,7.2129,0.281486855
33.3,0.145,-0.45,1.94,0.96,3,35,4.2,30,20,-6.302726,7.2129,0.326960217
33.3,0.145,-0.45,1.94,0.96,3,35,4.2,30,30,-6.302726,7.2129,0.343621859
33.3,0.145,-0.45,1.94,0.96,3,35,4.2,30,60,-6.302726,7.2129,0.371878286
33.3,0.145,-0.45,1.94,0.96,1,35,4.2,30,5,-6.302726,7.2129,0.192161024
33.3,0.145,-0.45,1.94,0.96,1,35,4.2,30,10,-6.302726,7.2129,0.224177796
33.3,0.145,-0.45,1.94,0.96,1,35,4.2,30,15,-6.302726,7.2129,0.261300342
33.3,0.145,-0.45,1.94,0.96,1,35,4.2,30,30,-6.302726,7.2129,0.266207682
33.3,0.145,-0.45,1.94,0.96,1,35,4.2,30,45,-6.302726,7.2129,0.278401836
41.7,0.107,-0.38,1.73,1.234,2,20,4.8,10,2,-6.059521,7.2078,0.031636688
41.7,0.107,-0.38,1.73,1.234,2,20,4.8,10,5,-6.059521,7.2078,0.052676757
41.7,0.107,-0.38,1.73,1.234,2,20,4.8,10,10,-6.059521,7.2078,0.091834432
41.7,0.107,-0.38,1.73,1.234,2,20,4.8,10,15,-6.059521,7.2078,0.113686482
41.7,0.107,-0.38,1.73,1.234,2,20,4.8,10,20,-6.059521,7.2078,0.141239703
41.7,0.107,-0.38,1.73,1.234,2,20,4.8,10,30,-6.059521,7.2078,0.163391901
41.7,0.107,-0.38,1.73,1.234,2,20,4,10,5,-6.059521,7.2078,0.049931553
41.7,0.107,-0.38,1.73,1.234,2,20,4,10,10,-6.059521,7.2078,0.051002141
41.7,0.107,-0.38,1.73,1.234,2,20,4,10,15,-6.059521,7.2078,0.068912563
41.7,0.107,-0.38,1.73,1.234,2,20,4,10,20,-6.059521,7.2078,0.070676401
41.7,0.107,-0.38,1.73,1.234,2,20,4,10,30,-6.059521,7.2078,0.08782337
41.7,0.107,-0.38,1.73,1.234,2,20,5,10,5,-6.059521,7.2078,0.060182013
41.7,0.107,-0.38,1.73,1.234,2,20,5,10,10,-6.059521,7.2078,0.086833922
41.7,0.107,-0.38,1.73,1.234,2,20,5,10,15,-6.059521,7.2078,0.117359757
41.7,0.107,-0.38,1.73,1.234,2,20,5,10,20,-6.059521,7.2078,0.119942374
41.7,0.107,-0.38,1.73,1.234,2,20,5,10,30,-6.059521,7.2078,0.149493139
41.7,0.107,-0.38,1.73,1.234,2,20,6,10,5,-6.059521,7.2078,0.071003978
41.7,0.107,-0.38,1.73,1.234,2,20,6,10,10,-6.059521,7.2078,0.10910605
41.7,0.107,-0.38,1.73,1.234,2,20,6,10,15,-6.059521,7.2078,0.129835845
41.7,0.107,-0.38,1.73,1.234,2,20,6,10,20,-6.059521,7.2078,0.165351122
41.7,0.107,-0.38,1.73,1.234,2,20,6,10,30,-6.059521,7.2078,0.202000337
41.7,0.107,-0.38,1.73,1.234,2,20,7,10,5,-6.059521,7.2078,0.084403622
41.7,0.107,-0.38,1.73,1.234,2,20,7,10,10,-6.059521,7.2078,0.11472676
41.7,0.107,-0.38,1.73,1.234,2,20,7,10,15,-6.059521,7.2078,0.152436416
41.7,0.107,-0.38,1.73,1.234,2,20,7,10,20,-6.059521,7.2078,0.189342809
41.7,0.107,-0.38,1.73,1.234,2,20,7,10,30,-6.059521,7.2078,0.223324282
41.7,0.107,-0.38,1.73,1.234,2,20,8,10,5,-6.059521,7.2078,0.104536389
41.7,0.107,-0.38,1.73,1.234,2,20,8,10,10,-6.059521,7.2078,0.152682326
41.7,0.107,-0.38,1.73,1.234,2,20,8,10,15,-6.059521,7.2078,0.168320228
41.7,0.107,-0.38,1.73,1.234,2,20,8,10,20,-6.059521,7.2078,0.174773562
41.7,0.107,-0.38,1.73,1.234,2,20,8,10,30,-6.059521,7.2078,0.204207371
41.7,0.107,-0.38,1.73,1.234,1,20,4.8,10,2,-6.059521,7.2078,0.016920084
41.7,0.107,-0.38,1.73,1.234,1,20,4.8,10,5,-6.059521,7.2078,0.032278708
41.7,0.107,-0.38,1.73,1.234,1,20,4.8,10,10,-6.059521,7.2078,0.040418778
41.7,0.107,-0.38,1.73,1.234,1,20,4.8,10,15,-6.059521,7.2078,0.040853939
41.7,0.107,-0.38,1.73,1.234,1,20,4.8,10,20,-6.059521,7.2078,0.051924948
41.7,0.107,-0.38,1.73,1.234,1,20,4.8,10,30,-6.059521,7.2078,0.062023243
41.7,0.107,-0.38,1.73,1.234,2,10,4.8,10,2,-6.059521,7.2078,0.006882612
41.7,0.107,-0.38,1.73,1.234,2,10,4.8,10,5,-6.059521,7.2078,0.024132314
41.7,0.107,-0.38,1.73,1.234,2,10,4.8,10,10,-6.059521,7.2078,0.042216794
41.7,0.107,-0.38,1.73,1.234,2,10,4.8,10,15,-6.059521,7.2078,0.055403758
41.7,0.107,-0.38,1.73,1.234,2,10,4.8,10,20,-6.059521,7.2078,0.065875504
41.7,0.107,-0.38,1.73,1.234,2,10,4.8,10,30,-6.059521,7.2078,0.085088642
41.7,0.107,-0.38,1.73,1.234,2,30,4.8,10,2,-6.059521,7.2078,0.069689729
41.7,0.107,-0.38,1.73,1.234,2,30,4.8,10,5,-6.059521,7.2078,0.094405776
41.7,0.107,-0.38,1.73,1.234,2,30,4.8,10,10,-6.059521,7.2078,0.10250883
41.7,0.107,-0.38,1.73,1.234,2,30,4.8,10,15,-6.059521,7.2078,0.175410347
41.7,0.107,-0.38,1.73,1.234,2,30,4.8,10,20,-6.059521,7.2078,0.201736616
41.7,0.107,-0.38,1.73,1.234,2,30,4.8,10,30,-6.059521,7.2078,0.256813145
41.7,0.107,-0.38,1.73,1.234,2,20,5.2,5,2,-6.059521,7.2078,0.099440802
41.7,0.107,-0.38,1.73,1.234,2,20,5.2,5,5,-6.059521,7.2078,0.115151616
41.7,0.107,-0.38,1.73,1.234,2,20,5.2,5,10,-6.059521,7.2078,0.167476617
41.7,0.107,-0.38,1.73,1.234,2,20,5.2,5,15,-6.059521,7.2078,0.265785707
41.7,0.107,-0.38,1.73,1.234,2,20,5.2,5,20,-6.059521,7.2078,0.284958227
41.7,0.107,-0.38,1.73,1.234,2,20,5.2,5,30,-6.059521,7.2078,0.359052025
41.7,0.107,-0.38,1.73,1.234,2,20,4.6,20,2,-6.059521,7.2078,0.008610653
41.7,0.107,-0.38,1.73,1.234,2,20,4.6,20,5,-6.059521,7.2078,0.021139977
41.7,0.107,-0.38,1.73,1.234,2,20,4.6,20,10,-6.059521,7.2078,0.040676862
41.7,0.107,-0.38,1.73,1.234,2,20,4.6,20,15,-6.059521,7.2078,0.051950647
41.7,0.107,-0.38,1.73,1.234,2,20,4.6,20,20,-6.059521,7.2078,0.068337823
41.7,0.107,-0.38,1.73,1.234,2,20,4.6,20,30,-6.059521,7.2078,0.086706056
41.7,0.107,-0.38,1.73,1.234,1,30,6,10,2,-5.943586,6.9214,0.07979654
41.7,0.107,-0.38,1.73,1.234,1,30,6,10,5,-5.943586,6.9214,0.107347475
41.7,0.107,-0.38,1.73,1.234,1,30,6,10,10,-5.943586,6.9214,0.133713423
41.7,0.107,-0.38,1.73,1.234,1,30,6,10,15,-5.943586,6.9214,0.150521226
41.7,0.107,-0.38,1.73,1.234,1,30,6,10,30,-5.943586,6.9214,0.171174646
41.7,0.107,-0.38,1.73,1.234,1,30,6,10,45,-5.943586,6.9214,0.176864817
41.7,0.107,-0.38,1.73,1.234,1,30,6,10,60,-5.943586,6.9214,0.191878371
41.7,0.107,-0.38,1.73,1.234,1,30,6,10,120,-5.943586,6.9214,0.260836757
41.7,0.107,-0.38,1.73,1.234,1,30,6,10,240,-5.943586,6.9214,0.390156787
41.7,0.107,-0.38,1.73,1.234,1,30,6,10,360,-5.943586,6.9214,0.464235209
41.7,0.107,-0.38,1.73,1.234,1,30,6,10,480,-5.943586,6.9214,0.570079092
41.7,0.107,-0.38,1.73,1.234,1,30,4,10,2,-5.943586,6.9214,0.13025659
41.7,0.107,-0.38,1.73,1.234,1,30,4,10,5,-5.943586,6.9214,0.159903086
41.7,0.107,-0.38,1.73,1.234,1,30,4,10,10,-5.943586,6.9214,0.169267595
41.7,0.107,-0.38,1.73,1.234,1,30,4,10,15,-5.943586,6.9214,0.175870625
41.7,0.107,-0.38,1.73,1.234,1,30,4,10,30,-5.943586,6.9214,0.178853957
41.7,0.107,-0.38,1.73,1.234,1,30,4,10,45,-5.943586,6.9214,0.186402779
41.7,0.107,-0.38,1.73,1.234,1,30,4,10,60,-5.943586,6.9214,0.19894912
41.7,0.107,-0.38,1.73,1.234,1,30,4,10,120,-5.943586,6.9214,0.235111072
41.7,0.107,-0.38,1.73,1.234,1,30,4,10,240,-5.943586,6.9214,0.254990221
41.7,0.107,-0.38,1.73,1.234,1,30,4,10,360,-5.943586,6.9214,0.268937735
41.7,0.107,-0.38,1.73,1.234,1,30,4,10,480,-5.943586,6.9214,0.303149721
41.7,0.107,-0.38,1.73,1.234,1,30,8,10,5,-5.943586,6.9214,0.016769994
41.7,0.107,-0.38,1.73,1.234,1,30,8,10,10,-5.943586,6.9214,0.023750775
41.7,0.107,-0.38,1.73,1.234,1,30,8,10,15,-5.943586,6.9214,0.051401116
41.7,0.107,-0.38,1.73,1.234,1,30,8,10,30,-5.943586,6.9214,0.072021079
41.7,0.107,-0.38,1.73,1.234,1,30,8,10,60,-5.943586,6.9214,0.093967762
41.7,0.107,-0.38,1.73,1.234,1,30,8,10,120,-5.943586,6.9214,0.145945443
41.7,0.107,-0.38,1.73,1.234,1,30,8,10,240,-5.943586,6.9214,0.231990081
41.7,0.107,-0.38,1.73,1.234,1,30,8,10,360,-5.943586,6.9214,0.34717297
41.7,0.107,-0.38,1.73,1.234,1,30,8,10,480,-5.943586,6.9214,0.470576565
41.7,0.107,-0.38,1.73,1.234,3,40,4.4,20,5,-6.187815,7.034,0.042425101
41.7,0.107,-0.38,1.73,1.234,3,40,4.4,20,10,-6.187815,7.034,0.060970589
41.7,0.107,-0.38,1.73,1.234,3,40,4.4,20,15,-6.187815,7.034,0.078650666
41.7,0.107,-0.38,1.73,1.234,3,40,4.4,20,30,-6.187815,7.034,0.111693463
41.7,0.107,-0.38,1.73,1.234,3,40,4.4,20,60,-6.187815,7.034,0.195003187
41.7,0.107,-0.38,1.73,1.234,1,40,4.4,20,5,-6.187815,7.034,0.036901837
41.7,0.107,-0.38,1.73,1.234,1,40,4.4,20,10,-6.187815,7.034,0.055543672
41.7,0.107,-0.38,1.73,1.234,1,40,4.4,20,15,-6.187815,7.034,0.059879773
41.7,0.107,-0.38,1.73,1.234,1,40,4.4,20,30,-6.187815,7.034,0.0673525
41.7,0.107,-0.38,1.73,1.234,1,40,4.4,20,60,-6.187815,7.034,0.091557898
41.7,0.107,-0.38,1.73,1.234,3,15,5.2,5,5,-6.302726,7.2129,0.044163181
41.7,0.107,-0.38,1.73,1.234,3,15,5.2,5,10,-6.302726,7.2129,0.074999547
41.7,0.107,-0.38,1.73,1.234,3,15,5.2,5,15,-6.302726,7.2129,0.100693501
41.7,0.107,-0.38,1.73,1.234,3,15,5.2,5,30,-6.302726,7.2129,0.146341463
41.7,0.107,-0.38,1.73,1.234,3,15,5.2,5,45,-6.302726,7.2129,0.233626668
41.7,0.107,-0.38,1.73,1.234,1,15,5.2,5,5,-6.302726,7.2129,0.033769284
41.7,0.107,-0.38,1.73,1.234,1,15,5.2,5,10,-6.302726,7.2129,0.052128217
41.7,0.107,-0.38,1.73,1.234,1,15,5.2,5,15,-6.302726,7.2129,0.086877545
41.7,0.107,-0.38,1.73,1.234,1,15,5.2,5,30,-6.302726,7.2129,0.11233335
41.7,0.107,-0.38,1.73,1.234,1,15,5.2,5,45,-6.302726,7.2129,0.113727379
67.3,0.3,-0.39,1.71,1.082,2,20,4.8,10,2,-6.059521,7.2078,0.319619205
67.3,0.3,-0.39,1.71,1.082,2,20,4.8,10,5,-6.059521,7.2078,0.412689215
67.3,0.3,-0.39,1.71,1.082,2,20,4.8,10,10,-6.059521,7.2078,0.451490066
67.3,0.3,-0.39,1.71,1.082,2,20,4.8,10,15,-6.059521,7.2078,0.515964995
67.3,0.3,-0.39,1.71,1.082,2,20,4.8,10,20,-6.059521,7.2078,0.533242668
67.3,0.3,-0.39,1.71,1.082,2,20,4.8,10,30,-6.059521,7.2078,0.616118732
67.3,0.3,-0.39,1.71,1.082,2,20,4,10,5,-6.059521,7.2078,0.286701378
67.3,0.3,-0.39,1.71,1.082,2,20,4,10,10,-6.059521,7.2078,0.30051176
67.3,0.3,-0.39,1.71,1.082,2,20,4,10,15,-6.059521,7.2078,0.395035752
67.3,0.3,-0.39,1.71,1.082,2,20,4,10,20,-6.059521,7.2078,0.396872381
67.3,0.3,-0.39,1.71,1.082,2,20,4,10,30,-6.059521,7.2078,0.492858544
67.3,0.3,-0.39,1.71,1.082,2,20,5,10,5,-6.059521,7.2078,0.369438952
67.3,0.3,-0.39,1.71,1.082,2,20,5,10,10,-6.059521,7.2078,0.461646423
67.3,0.3,-0.39,1.71,1.082,2,20,5,10,15,-6.059521,7.2078,0.535484782
67.3,0.3,-0.39,1.71,1.082,2,20,5,10,20,-6.059521,7.2078,0.545574112
67.3,0.3,-0.39,1.71,1.082,2,20,5,10,30,-6.059521,7.2078,0.576186357
67.3,0.3,-0.39,1.71,1.082,2,20,6,10,5,-6.059521,7.2078,0.377683183
67.3,0.3,-0.39,1.71,1.082,2,20,6,10,10,-6.059521,7.2078,0.459950806
67.3,0.3,-0.39,1.71,1.082,2,20,6,10,15,-6.059521,7.2078,0.504343012
67.3,0.3,-0.39,1.71,1.082,2,20,6,10,20,-6.059521,7.2078,0.545231763
67.3,0.3,-0.39,1.71,1.082,2,20,6,10,30,-6.059521,7.2078,0.602149269
67.3,0.3,-0.39,1.71,1.082,2,20,7,10,5,-6.059521,7.2078,0.370932416
67.3,0.3,-0.39,1.71,1.082,2,20,7,10,10,-6.059521,7.2078,0.456977472
67.3,0.3,-0.39,1.71,1.082,2,20,7,10,15,-6.059521,7.2078,0.479114518
67.3,0.3,-0.39,1.71,1.082,2,20,7,10,20,-6.059521,7.2078,0.523944862
67.3,0.3,-0.39,1.71,1.082,2,20,7,10,30,-6.059521,7.2078,0.561778612
67.3,0.3,-0.39,1.71,1.082,2,20,8,10,5,-6.059521,7.2078,0.381215966
67.3,0.3,-0.39,1.71,1.082,2,20,8,10,10,-6.059521,7.2078,0.465359524
67.3,0.3,-0.39,1.71,1.082,2,20,8,10,15,-6.059521,7.2078,0.48809374
67.3,0.3,-0.39,1.71,1.082,2,20,8,10,20,-6.059521,7.2078,0.518825369
67.3,0.3,-0.39,1.71,1.082,2,20,8,10,30,-6.059521,7.2078,0.565327175
67.3,0.3,-0.39,1.71,1.082,1,20,4.8,10,2,-6.059521,7.2078,0.208389731
67.3,0.3,-0.39,1.71,1.082,1,20,4.8,10,5,-6.059521,7.2078,0.233216488
67.3,0.3,-0.39,1.71,1.082,1,20,4.8,10,10,-6.059521,7.2078,0.291789586
67.3,0.3,-0.39,1.71,1.082,1,20,4.8,10,15,-6.059521,7.2078,0.324668263
67.3,0.3,-0.39,1.71,1.082,1,20,4.8,10,20,-6.059521,7.2078,0.354168836
67.3,0.3,-0.39,1.71,1.082,1,20,4.8,10,30,-6.059521,7.2078,0.367183794
67.3,0.3,-0.39,1.71,1.082,2,10,4.8,10,2,-6.059521,7.2078,0.178318393
67.3,0.3,-0.39,1.71,1.082,2,10,4.8,10,5,-6.059521,7.2078,0.190684257
67.3,0.3,-0.39,1.71,1.082,2,10,4.8,10,10,-6.059521,7.2078,0.216054951
67.3,0.3,-0.39,1.71,1.082,2,10,4.8,10,15,-6.059521,7.2078,0.257597113
67.3,0.3,-0.39,1.71,1.082,2,10,4.8,10,20,-6.059521,7.2078,0.322950142
67.3,0.3,-0.39,1.71,1.082,2,10,4.8,10,30,-6.059521,7.2078,0.356871699
67.3,0.3,-0.39,1.71,1.082,2,30,4.8,10,2,-6.059521,7.2078,0.508969125
67.3,0.3,-0.39,1.71,1.082,2,30,4.8,10,5,-6.059521,7.2078,0.599029717
67.3,0.3,-0.39,1.71,1.082,2,30,4.8,10,10,-6.059521,7.2078,0.633608513
67.3,0.3,-0.39,1.71,1.082,2,30,4.8,10,15,-6.059521,7.2078,0.735108857
67.3,0.3,-0.39,1.71,1.082,2,30,4.8,10,20,-6.059521,7.2078,0.759505675
67.3,0.3,-0.39,1.71,1.082,2,30,4.8,10,30,-6.059521,7.2078,0.792018128
67.3,0.3,-0.39,1.71,1.082,2,20,5.2,5,2,-6.059521,7.2078,0.442391161
67.3,0.3,-0.39,1.71,1.082,2,20,5.2,5,5,-6.059521,7.2078,0.569577798
67.3,0.3,-0.39,1.71,1.082,2,20,5.2,5,10,-6.059521,7.2078,0.722477969
67.3,0.3,-0.39,1.71,1.082,2,20,5.2,5,15,-6.059521,7.2078,0.768084966
67.3,0.3,-0.39,1.71,1.082,2,20,5.2,5,20,-6.059521,7.2078,0.804583717
67.3,0.3,-0.39,1.71,1.082,2,20,5.2,5,30,-6.059521,7.2078,0.824822439
67.3,0.3,-0.39,1.71,1.082,2,20,4.6,20,2,-6.059521,7.2078,0.134099975
67.3,0.3,-0.39,1.71,1.082,2,20,4.6,20,5,-6.059521,7.2078,0.186248147
67.3,0.3,-0.39,1.71,1.082,2,20,4.6,20,10,-6.059521,7.2078,0.227794587
67.3,0.3,-0.39,1.71,1.082,2,20,4.6,20,15,-6.059521,7.2078,0.240846829
67.3,0.3,-0.39,1.71,1.082,2,20,4.6,20,20,-6.059521,7.2078,0.288697254
67.3,0.3,-0.39,1.71,1.082,2,20,4.6,20,30,-6.059521,7.2078,0.300079969
67.3,0.3,-0.39,1.71,1.082,1,30,6,10,2,-5.943586,6.9214,0.435216731
67.3,0.3,-0.39,1.71,1.082,1,30,6,10,5,-5.943586,6.9214,0.466104458
67.3,0.3,-0.39,1.71,1.082,1,30,6,10,10,-5.943586,6.9214,0.517450947
67.3,0.3,-0.39,1.71,1.082,1,30,6,10,15,-5.943586,6.9214,0.565879575
67.3,0.3,-0.39,1.71,1.082,1,30,6,10,30,-5.943586,6.9214,0.59786923
67.3,0.3,-0.39,1.71,1.082,1,30,6,10,45,-5.943586,6.9214,0.616736943
67.3,0.3,-0.39,1.71,1.082,1,30,6,10,60,-5.943586,6.9214,0.630123124
67.3,0.3,-0.39,1.71,1.082,1,30,6,10,120,-5.943586,6.9214,0.6454939
67.3,0.3,-0.39,1.71,1.082,1,30,6,10,240,-5.943586,6.9214,0.662821162
67.3,0.3,-0.39,1.71,1.082,1,30,6,10,360,-5.943586,6.9214,0.682425367
67.3,0.3,-0.39,1.71,1.082,1,30,6,10,480,-5.943586,6.9214,0.70617867
67.3,0.3,-0.39,1.71,1.082,1,30,8,10,5,-5.943586,6.9214,0.384994072
67.3,0.3,-0.39,1.71,1.082,1,30,8,10,10,-5.943586,6.9214,0.420930881
67.3,0.3,-0.39,1.71,1.082,1,30,8,10,15,-5.943586,6.9214,0.423517309
67.3,0.3,-0.39,1.71,1.082,1,30,8,10,30,-5.943586,6.9214,0.493461279
67.3,0.3,-0.39,1.71,1.082,1,30,8,10,60,-5.943586,6.9214,0.494402855
67.3,0.3,-0.39,1.71,1.082,1,30,8,10,120,-5.943586,6.9214,0.560266664
67.3,0.3,-0.39,1.71,1.082,1,30,8,10,240,-5.943586,6.9214,0.648391184
67.3,0.3,-0.39,1.71,1.082,1,30,8,10,360,-5.943586,6.9214,0.672407179
67.3,0.3,-0.39,1.71,1.082,1,30,8,10,480,-5.943586,6.9214,0.774759956
67.3,0.3,-0.39,1.71,1.082,3,20,6,10,5,-5.943586,6.9214,0.398994303
67.3,0.3,-0.39,1.71,1.082,3,20,6,10,15,-5.943586,6.9214,0.687710731
67.3,0.3,-0.39,1.71,1.082,3,20,6,10,30,-5.943586,6.9214,0.792960121
67.3,0.3,-0.39,1.71,1.082,3,20,6,10,60,-5.943586,6.9214,0.908266481
67.3,0.3,-0.39,1.71,1.082,1,20,6,10,5,-5.943586,6.9214,0.152551005
67.3,0.3,-0.39,1.71,1.082,1,20,6,10,15,-5.943586,6.9214,0.216642489
67.3,0.3,-0.39,1.71,1.082,1,20,6,10,30,-5.943586,6.9214,0.255501713
67.3,0.3,-0.39,1.71,1.082,1,20,6,10,60,-5.943586,6.9214,0.297246829
67.3,0.3,-0.39,1.71,1.082,3,30,4.4,20,5,-6.187815,7.034,0.213976123
67.3,0.3,-0.39,1.71,1.082,3,30,4.4,20,10,-6.187815,7.034,0.294688705
67.3,0.3,-0.39,1.71,1.082,3,30,4.4,20,15,-6.187815,7.034,0.349445347
67.3,0.3,-0.39,1.71,1.082,3,30,4.4,20,30,-6.187815,7.034,0.415650652
67.3,0.3,-0.39,1.71,1.082,3,30,4.4,20,60,-6.187815,7.034,0.480806579
67.3,0.3,-0.39,1.71,1.082,1,30,4.4,20,5,-6.187815,7.034,0.179636099
67.3,0.3,-0.39,1.71,1.082,1,30,4.4,20,10,-6.187815,7.034,0.197976051
67.3,0.3,-0.39,1.71,1.082,1,30,4.4,20,15,-6.187815,7.034,0.224765846
67.3,0.3,-0.39,1.71,1.082,1,30,4.4,20,30,-6.187815,7.034,0.243964158
67.3,0.3,-0.39,1.71,1.082,1,30,4.4,20,60,-6.187815,7.034,0.274209694
67.3,0.3,-0.39,1.71,1.082,3,10,5.2,5,5,-6.302726,7.2129,0.312820158
67.3,0.3,-0.39,1.71,1.082,3,10,5.2,5,10,-6.302726,7.2129,0.394305607
67.3,0.3,-0.39,1.71,1.082,3,10,5.2,5,15,-6.302726,7.2129,0.431320888
67.3,0.3,-0.39,1.71,1.082,3,10,5.2,5,30,-6.302726,7.2129,0.537797051
67.3,0.3,-0.39,1.71,1.082,3,10,5.2,5,60,-6.302726,7.2129,0.597790313
67.3,0.3,-0.39,1.71,1.082,1,10,5.2,5,5,-6.302726,7.2129,0.210996133
67.3,0.3,-0.39,1.71,1.082,1,10,5.2,5,10,-6.302726,7.2129,0.287772767
67.3,0.3,-0.39,1.71,1.082,1,10,5.2,5,15,-6.302726,7.2129,0.305253539
67.3,0.3,-0.39,1.71,1.082,1,10,5.2,5,30,-6.302726,7.2129,0.317877601
67.3,0.3,-0.39,1.71,1.082,1,10,5.2,5,60,-6.302726,7.2129,0.395111137
110.6,0.315,-0.38,1.49,0.903,2,20,4.8,10,2,-6.059521,7.2078,0.404250239
110.6,0.315,-0.38,1.49,0.903,2,20,4.8,10,5,-6.059521,7.2078,0.513586437
110.6,0.315,-0.38,1.49,0.903,2,20,4.8,10,10,-6.059521,7.2078,0.560052531
110.6,0.315,-0.38,1.49,0.903,2,20,4.8,10,15,-6.059521,7.2078,0.616000478
110.6,0.315,-0.38,1.49,0.903,2,20,4.8,10,20,-6.059521,7.2078,0.75074021
110.6,0.315,-0.38,1.49,0.903,2,20,4.8,10,30,-6.059521,7.2078,0.862082139
110.6,0.315,-0.38,1.49,0.903,2,20,4,10,5,-6.059521,7.2078,0.268358162
110.6,0.315,-0.38,1.49,0.903,2,20,4,10,10,-6.059521,7.2078,0.32702532
110.6,0.315,-0.38,1.49,0.903,2,20,4,10,15,-6.059521,7.2078,0.34933586
110.6,0.315,-0.38,1.49,0.903,2,20,4,10,20,-6.059521,7.2078,0.405634223
110.6,0.315,-0.38,1.49,0.903,2,20,4,10,30,-6.059521,7.2078,0.478654524
110.6,0.315,-0.38,1.49,0.903,2,20,6,10,5,-6.059521,7.2078,0.380185797
110.6,0.315,-0.38,1.49,0.903,2,20,6,10,10,-6.059521,7.2078,0.492273185
110.6,0.315,-0.38,1.49,0.903,2,20,6,10,15,-6.059521,7.2078,0.518411897
110.6,0.315,-0.38,1.49,0.903,2,20,6,10,20,-6.059521,7.2078,0.626304728
110.6,0.315,-0.38,1.49,0.903,2,20,6,10,30,-6.059521,7.2078,0.681814168
110.6,0.315,-0.38,1.49,0.903,1,20,4.8,10,2,-6.059521,7.2078,0.302862281
110.6,0.315,-0.38,1.49,0.903,1,20,4.8,10,5,-6.059521,7.2078,0.391192653
110.6,0.315,-0.38,1.49,0.903,1,20,4.8,10,10,-6.059521,7.2078,0.459848858
110.6,0.315,-0.38,1.49,0.903,1,20,4.8,10,15,-6.059521,7.2078,0.504463617
110.6,0.315,-0.38,1.49,0.903,1,20,4.8,10,20,-6.059521,7.2078,0.547783177
110.6,0.315,-0.38,1.49,0.903,1,20,4.8,10,30,-6.059521,7.2078,0.589754019
110.6,0.315,-0.38,1.49,0.903,2,10,4.8,10,2,-6.059521,7.2078,0.232037194
110.6,0.315,-0.38,1.49,0.903,2,10,4.8,10,5,-6.059521,7.2078,0.294507152
110.6,0.315,-0.38,1.49,0.903,2,10,4.8,10,10,-6.059521,7.2078,0.333457643
110.6,0.315,-0.38,1.49,0.903,2,10,4.8,10,15,-6.059521,7.2078,0.378383306
110.6,0.315,-0.38,1.49,0.903,2,10,4.8,10,20,-6.059521,7.2078,0.402872392
110.6,0.315,-0.38,1.49,0.903,2,10,4.8,10,30,-6.059521,7.2078,0.498383969
110.6,0.315,-0.38,1.49,0.903,2,30,4.8,10,2,-6.059521,7.2078,0.439022929
110.6,0.315,-0.38,1.49,0.903,2,30,4.8,10,5,-6.059521,7.2078,0.563422742
110.6,0.315,-0.38,1.49,0.903,2,20,4.6,20,2,-6.059521,7.2078,0.169110583
110.6,0.315,-0.38,1.49,0.903,2,20,4.6,20,5,-6.059521,7.2078,0.220343699
110.6,0.315,-0.38,1.49,0.903,2,20,4.6,20,10,-6.059521,7.2078,0.332747895
110.6,0.315,-0.38,1.49,0.903,2,20,4.6,20,15,-6.059521,7.2078,0.407456516
110.6,0.315,-0.38,1.49,0.903,2,20,4.6,20,20,-6.059521,7.2078,0.42771066
110.6,0.315,-0.38,1.49,0.903,2,20,4.6,20,30,-6.059521,7.2078,0.512439844
110.6,0.315,-0.38,1.49,0.903,3,30,4.7,10,5,-6.187815,7.034,0.271509522
110.6,0.315,-0.38,1.49,0.903,3,30,4.7,10,10,-6.187815,7.034,0.380249328
110.6,0.315,-0.38,1.49,0.903,3,30,4.7,10,15,-6.187815,7.034,0.441350192
110.6,0.315,-0.38,1.49,0.903,3,30,4.7,10,20,-6.187815,7.034,0.483087043
110.6,0.315,-0.38,1.49,0.903,3,30,4.7,10,30,-6.187815,7.034,0.603799916
110.6,0.315,-0.38,1.49,0.903,3,30,4.7,10,45,-6.187815,7.034,0.747601164
110.6,0.315,-0.38,1.49,0.903,1,30,4.7,10,5,-6.187815,7.034,0.195034051
110.6,0.315,-0.38,1.49,0.903,1,30,4.7,10,10,-6.187815,7.034,0.371263559
110.6,0.315,-0.38,1.49,0.903,1,30,4.7,10,15,-6.187815,7.034,0.423685874
110.6,0.315,-0.38,1.49,0.903,1,30,4.7,10,20,-6.187815,7.034,0.460321344
110.6,0.315,-0.38,1.49,0.903,1,30,4.7,10,30,-6.187815,7.034,0.507702267
110.6,0.315,-0.38,1.49,0.903,1,30,4.7,10,45,-6.187815,7.034,0.577624174
110.6,0.315,-0.38,1.49,0.903,3,20,5.2,5,5,-6.302726,7.2129,0.4322985
110.6,0.315,-0.38,1.49,0.903,3,20,5.2,5,10,-6.302726,7.2129,0.570425772
110.6,0.315,-0.38,1.49,0.903,3,20,5.2,5,15,-6.302726,7.2129,0.616387415
110.6,0.315,-0.38,1.49,0.903,3,20,5.2,5,30,-6.302726,7.2129,0.675469018
110.6,0.315,-0.38,1.49,0.903,3,20,5.2,5,60,-6.302726,7.2129,0.768954999
110.6,0.315,-0.38,1.49,0.903,1,20,5.2,5,5,-6.302726,7.2129,0.335825572
110.6,0.315,-0.38,1.49,0.903,1,20,5.2,5,10,-6.302726,7.2129,0.457865144
110.6,0.315,-0.38,1.49,0.903,1,20,5.2,5,15,-6.302726,7.2129,0.526383107
110.6,0.315,-0.38,1.49,0.903,1,20,5.2,5,30,-6.302726,7.2129,0.566135886
110.6,0.315,-0.38,1.49,0.903,1,20,5.2,5,60,-6.302726,7.2129,0.591304348
213.35,0.135,0.15,2.05,1.211,2,20,6,10,5,-5.943586,6.9214,0.1427073
213.35,0.135,0.15,2.05,1.211,2,20,6,10,15,-5.943586,6.9214,0.262566839
213.35,0.135,0.15,2.05,1.211,2,20,6,10,30,-5.943586,6.9214,0.375870757
213.35,0.135,0.15,2.05,1.211,2,20,6,10,60,-5.943586,6.9214,0.487247894
213.35,0.135,0.15,2.05,1.211,3,20,6,10,5,-5.943586,6.9214,0.235644793
213.35,0.135,0.15,2.05,1.211,3,20,6,10,15,-5.943586,6.9214,0.412040423
213.35,0.135,0.15,2.05,1.211,3,20,6,10,30,-5.943586,6.9214,0.586663121
213.35,0.135,0.15,2.05,1.211,3,20,6,10,60,-5.943586,6.9214,0.750249319
213.35,0.135,0.15,2.05,1.211,3,20,4,10,5,-5.943586,6.9214,0.136534939
213.35,0.135,0.15,2.05,1.211,3,20,4,10,15,-5.943586,6.9214,0.240331784
213.35,0.135,0.15,2.05,1.211,3,20,4,10,30,-5.943586,6.9214,0.320407157
213.35,0.135,0.15,2.05,1.211,3,20,4,10,60,-5.943586,6.9214,0.406487743
213.35,0.135,0.15,2.05,1.211,3,20,5,10,5,-5.943586,6.9214,0.181036912
213.35,0.135,0.15,2.05,1.211,3,20,5,10,15,-5.943586,6.9214,0.332399972
213.35,0.135,0.15,2.05,1.211,3,20,5,10,30,-5.943586,6.9214,0.439243449
213.35,0.135,0.15,2.05,1.211,3,20,5,10,60,-5.943586,6.9214,0.575619893
213.35,0.135,0.15,2.05,1.211,3,20,7,10,5,-5.943586,6.9214,0.263654294
213.35,0.135,0.15,2.05,1.211,3,20,7,10,15,-5.943586,6.9214,0.463887395
213.35,0.135,0.15,2.05,1.211,3,20,7,10,30,-5.943586,6.9214,0.616783217
213.35,0.135,0.15,2.05,1.211,3,20,7,10,60,-5.943586,6.9214,0.784687108
213.35,0.135,0.15,2.05,1.211,3,20,8,10,5,-5.943586,6.9214,0.449704142
213.35,0.135,0.15,2.05,1.211,3,20,8,10,15,-5.943586,6.9214,0.642011834
213.35,0.135,0.15,2.05,1.211,3,20,8,10,30,-5.943586,6.9214,0.76035503
213.35,0.135,0.15,2.05,1.211,3,20,8,10,60,-5.943586,6.9214,0.887573964
213.35,0.135,0.15,2.05,1.211,1,20,6,10,5,-5.943586,6.9214,0.127983512
213.35,0.135,0.15,2.05,1.211,1,20,6,10,15,-5.943586,6.9214,0.197593245
213.35,0.135,0.15,2.05,1.211,1,20,6,10,30,-5.943586,6.9214,0.253595727
213.35,0.135,0.15,2.05,1.211,1,20,6,10,60,-5.943586,6.9214,0.315714824
213.35,0.135,0.15,2.05,1.211,3,25,4.7,10,5,-6.187815,7.034,0.123972469
213.35,0.135,0.15,2.05,1.211,3,25,4.7,10,15,-6.187815,7.034,0.161082092
213.35,0.135,0.15,2.05,1.211,3,25,4.7,10,25,-6.187815,7.034,0.185819019
213.35,0.135,0.15,2.05,1.211,3,25,4.7,10,40,-6.187815,7.034,0.235153188
213.35,0.135,0.15,2.05,1.211,3,25,4.7,10,60,-6.187815,7.034,0.305308873
213.35,0.135,0.15,2.05,1.211,1,25,4.7,10,5,-6.187815,7.034,0.03842444
213.35,0.135,0.15,2.05,1.211,1,25,4.7,10,15,-6.187815,7.034,0.060878175
213.35,0.135,0.15,2.05,1.211,1,25,4.7,10,25,-6.187815,7.034,0.143044933
213.35,0.135,0.15,2.05,1.211,1,25,4.7,10,40,-6.187815,7.034,0.177414812
213.35,0.135,0.15,2.05,1.211,1,25,4.7,10,60,-6.187815,7.034,0.196936459
213.35,0.135,0.15,2.05,1.211,3,45,5.2,5,5,-6.302726,7.2129,0.053145049
213.35,0.135,0.15,2.05,1.211,3,45,5.2,5,15,-6.302726,7.2129,0.094970043
213.35,0.135,0.15,2.05,1.211,3,45,5.2,5,30,-6.302726,7.2129,0.11778689
213.35,0.135,0.15,2.05,1.211,3,45,5.2,5,45,-6.302726,7.2129,0.25258479
213.35,0.135,0.15,2.05,1.211,3,45,5.2,5,60,-6.302726,7.2129,0.376354253
213.35,0.135,0.15,2.05,1.211,1,45,5.2,5,5,-6.302726,7.2129,0.087157389
213.35,0.135,0.15,2.05,1.211,1,45,5.2,5,15,-6.302726,7.2129,0.104958461
213.35,0.135,0.15,2.05,1.211,1,45,5.2,5,30,-6.302726,7.2129,0.12893308
213.35,0.135,0.15,2.05,1.211,1,45,5.2,5,45,-6.302726,7.2129,0.161223589
213.35,0.135,0.15,2.05,1.211,1,45,5.2,5,60,-6.302726,7.2129,0.207586511
39.93,0.334,0.12,2.09,0.921,2,20,6,10,5,-5.943586,6.9214,0.468415094
39.93,0.334,0.12,2.09,0.921,2,20,6,10,15,-5.943586,6.9214,0.679510063
39.93,0.334,0.12,2.09,0.921,2,20,6,10,30,-5.943586,6.9214,0.854106289
39.93,0.334,0.12,2.09,0.921,2,20,6,10,60,-5.943586,6.9214,0.902020126
39.93,0.334,0.12,2.09,0.921,3,20,6,10,5,-5.943586,6.9214,0.557762947
39.93,0.334,0.12,2.09,0.921,3,20,6,10,15,-5.943586,6.9214,0.765449253
39.93,0.334,0.12,2.09,0.921,3,20,6,10,30,-5.943586,6.9214,0.900650752
39.93,0.334,0.12,2.09,0.921,3,20,6,10,60,-5.943586,6.9214,0.94134234
39.93,0.334,0.12,2.09,0.921,3,20,4,10,5,-5.943586,6.9214,0.27425172
39.93,0.334,0.12,2.09,0.921,3,20,4,10,15,-5.943586,6.9214,0.359769474
39.93,0.334,0.12,2.09,0.921,3,20,4,10,30,-5.943586,6.9214,0.454080684
39.93,0.334,0.12,2.09,0.921,3,20,4,10,60,-5.943586,6.9214,0.566908347
39.93,0.334,0.12,2.09,0.921,1,20,6,10,5,-5.943586,6.9214,0.114095595
39.93,0.334,0.12,2.09,0.921,1,20,6,10,15,-5.943586,6.9214,0.151745707
39.93,0.334,0.12,2.09,0.921,1,20,6,10,30,-5.943586,6.9214,0.190388121
39.93,0.334,0.12,2.09,0.921,1,20,6,10,60,-5.943586,6.9214,0.200921787
39.93,0.334,0.12,2.09,0.921,3,45,4.2,30,5,-6.187815,7.034,0.205657184
39.93,0.334,0.12,2.09,0.921,3,45,4.2,30,15,-6.187815,7.034,0.228343316
39.93,0.334,0.12,2.09,0.921,3,45,4.2,30,25,-6.187815,7.034,0.264423317
39.93,0.334,0.12,2.09,0.921,3,45,4.2,30,40,-6.187815,7.034,0.28537874
39.93,0.334,0.12,2.09,0.921,3,45,4.2,30,60,-6.187815,7.034,0.341737185
39.93,0.334,0.12,2.09,0.921,1,45,4.2,30,5,-6.187815,7.034,0.175394807
39.93,0.334,0.12,2.09,0.921,1,45,4.2,30,15,-6.187815,7.034,0.214499419
39.93,0.334,0.12,2.09,0.921,1,45,4.2,30,25,-6.187815,7.034,0.218250398
39.93,0.334,0.12,2.09,0.921,1,45,4.2,30,40,-6.187815,7.034,0.249411516
39.93,0.334,0.12,2.09,0.921,1,45,4.2,30,60,-6.187815,7.034,0.256735186
11,0.231,-0.27,1.3,1.216,1,20,6,10,5,-5.943586,6.9214,0.068977623
11,0.231,-0.27,1.3,1.216,1,20,6,10,15,-5.943586,6.9214,0.082821992
11,0.231,-0.27,1.3,1.216,1,20,6,10,30,-5.943586,6.9214,0.082760937
11,0.231,-0.27,1.3,1.216,1,20,6,10,60,-5.943586,6.9214,0.099459657
11,0.231,-0.27,1.3,1.216,3,20,6,10,5,-5.943586,6.9214,0.187473769
11,0.231,-0.27,1.3,1.216,3,20,6,10,15,-5.943586,6.9214,0.295528652
11,0.231,-0.27,1.3,1.216,3,20,6,10,30,-5.943586,6.9214,0.440274415
11,0.231,-0.27,1.3,1.216,3,20,6,10,60,-5.943586,6.9214,0.51417272
11,0.231,-0.27,1.3,1.216,3,50,4,5,2,-6.059521,7.2078,0.134981908
11,0.231,-0.27,1.3,1.216,3,50,4,5,5,-6.059521,7.2078,0.225073044
11,0.231,-0.27,1.3,1.216,3,50,4,5,10,-6.059521,7.2078,0.279445057
11,0.231,-0.27,1.3,1.216,3,50,4,5,15,-6.059521,7.2078,0.365434105
11,0.231,-0.27,1.3,1.216,3,50,4,5,30,-6.059521,7.2078,0.440916391
11,0.231,-0.27,1.3,1.216,3,50,4,5,45,-6.059521,7.2078,0.509781157
11,0.231,-0.27,1.3,1.216,3,50,5,5,2,-6.059521,7.2078,0.428906192
11,0.231,-0.27,1.3,1.216,3,50,5,5,5,-6.059521,7.2078,0.518691416
11,0.231,-0.27,1.3,1.216,3,50,5,5,10,-6.059521,7.2078,0.608624253
11,0.231,-0.27,1.3,1.216,3,50,5,5,15,-6.059521,7.2078,0.658277364
11,0.231,-0.27,1.3,1.216,3,50,5,5,30,-6.059521,7.2078,0.735607794
11,0.231,-0.27,1.3,1.216,3,50,5,5,45,-6.059521,7.2078,0.786312643
11,0.231,-0.27,1.3,1.216,1,50,5,5,2,-6.059521,7.2078,0.329907096
11,0.231,-0.27,1.3,1.216,1,50,5,5,5,-6.059521,7.2078,0.355765602
11,0.231,-0.27,1.3,1.216,1,50,5,5,10,-6.059521,7.2078,0.384607091
11,0.231,-0.27,1.3,1.216,1,50,5,5,15,-6.059521,7.2078,0.390375389
11,0.231,-0.27,1.3,1.216,1,50,5,5,30,-6.059521,7.2078,0.406835702
11,0.231,-0.27,1.3,1.216,1,50,5,5,45,-6.059521,7.2078,0.414005643
11,0.231,-0.27,1.3,1.216,1,50,5,5,60,-6.059521,7.2078,0.421552948
11,0.231,-0.27,1.3,1.216,3,50,6,5,2,-6.059521,7.2078,0.286239578
11,0.231,-0.27,1.3,1.216,3,50,6,5,5,-6.059521,7.2078,0.434324367
11,0.231,-0.27,1.3,1.216,3,50,6,5,10,-6.059521,7.2078,0.558498506
11,0.231,-0.27,1.3,1.216,3,50,6,5,15,-6.059521,7.2078,0.691442504
11,0.231,-0.27,1.3,1.216,3,50,6,5,30,-6.059521,7.2078,0.755957999
11,0.231,-0.27,1.3,1.216,3,50,6,5,45,-6.059521,7.2078,0.813355356
11,0.231,-0.27,1.3,1.216,3,50,7,5,2,-6.059521,7.2078,0.334438417
11,0.231,-0.27,1.3,1.216,3,50,7,5,5,-6.059521,7.2078,0.464175206
11,0.231,-0.27,1.3,1.216,3,50,7,5,10,-6.059521,7.2078,0.616576251
11,0.231,-0.27,1.3,1.216,3,50,7,5,15,-6.059521,7.2078,0.680369701
11,0.231,-0.27,1.3,1.216,3,50,7,5,30,-6.059521,7.2078,0.796724935
11,0.231,-0.27,1.3,1.216,3,50,7,5,45,-6.059521,7.2078,0.834659433
11,0.231,-0.27,1.3,1.216,3,50,5.1,5,5,-6.187815,7.034,0.293539971
11,0.231,-0.27,1.3,1.216,3,50,5.1,5,15,-6.187815,7.034,0.400195261
11,0.231,-0.27,1.3,1.216,3,50,5.1,5,25,-6.187815,7.034,0.44430953
11,0.231,-0.27,1.3,1.216,3,50,5.1,5,40,-6.187815,7.034,0.487513127
11,0.231,-0.27,1.3,1.216,3,50,5.1,5,60,-6.187815,7.034,0.53300571
11,0.231,-0.27,1.3,1.216,1,50,5.1,5,5,-6.187815,7.034,0.220205571
11,0.231,-0.27,1.3,1.216,1,50,5.1,5,15,-6.187815,7.034,0.390909242
11,0.231,-0.27,1.3,1.216,1,50,5.1,5,25,-6.187815,7.034,0.446941427
11,0.231,-0.27,1.3,1.216,1,50,5.1,5,40,-6.187815,7.034,0.468914507
11,0.231,-0.27,1.3,1.216,1,50,5.1,5,60,-6.187815,7.034,0.489763111
11,0.231,-0.27,1.3,1.216,3,45,4.9,10,5,-6.302726,7.2129,0.184207078
11,0.231,-0.27,1.3,1.216,3,45,4.9,10,15,-6.302726,7.2129,0.226519844
11,0.231,-0.27,1.3,1.216,3,45,4.9,10,25,-6.302726,7.2129,0.279040614
11,0.231,-0.27,1.3,1.216,3,45,4.9,10,40,-6.302726,7.2129,0.316587897
11,0.231,-0.27,1.3,1.216,3,45,4.9,10,60,-6.302726,7.2129,0.340594397
11,0.231,-0.27,1.3,1.216,1,45,4.9,10,5,-6.302726,7.2129,0.106608574
11,0.231,-0.27,1.3,1.216,1,45,4.9,10,15,-6.302726,7.2129,0.156003501
11,0.231,-0.27,1.3,1.216,1,45,4.9,10,25,-6.302726,7.2129,0.173881221
11,0.231,-0.27,1.3,1.216,1,45,4.9,10,40,-6.302726,7.2129,0.174519181
11,0.231,-0.27,1.3,1.216,1,45,4.9,10,60,-6.302726,7.2129,0.181902704
20,0.147,-0.15,1.65,1.23,1,20,6,10,5,-6.187815,7.034,0.045391445
20,0.147,-0.15,1.65,1.23,1,20,6,10,15,-6.187815,7.034,0.065326877
20,0.147,-0.15,1.65,1.23,1,20,6,10,30,-6.187815,7.034,0.093672316
20,0.147,-0.15,1.65,1.23,1,20,6,10,60,-6.187815,7.034,0.116432607
20,0.147,-0.15,1.65,1.23,3,20,6,10,5,-6.187815,7.034,0.107331512
20,0.147,-0.15,1.65,1.23,3,20,6,10,15,-6.187815,7.034,0.211976321
20,0.147,-0.15,1.65,1.23,3,20,6,10,30,-6.187815,7.034,0.349772313
20,0.147,-0.15,1.65,1.23,3,20,6,10,60,-6.187815,7.034,0.468397086
20,0.147,-0.15,1.65,1.23,3,50,4,5,2,-6.059521,7.2078,0.125002354
20,0.147,-0.15,1.65,1.23,3,50,4,5,5,-6.059521,7.2078,0.14887688
20,0.147,-0.15,1.65,1.23,3,50,4,5,10,-6.059521,7.2078,0.201257743
20,0.147,-0.15,1.65,1.23,3,50,4,5,15,-6.059521,7.2078,0.245297584
20,0.147,-0.15,1.65,1.23,3,50,4,5,30,-6.059521,7.2078,0.277193049
20,0.147,-0.15,1.65,1.23,3,50,4,5,45,-6.059521,7.2078,0.3086178
20,0.147,-0.15,1.65,1.23,3,50,5,5,2,-6.059521,7.2078,0.187735959
20,0.147,-0.15,1.65,1.23,3,50,5,5,5,-6.059521,7.2078,0.277468571
20,0.147,-0.15,1.65,1.23,3,50,5,5,10,-6.059521,7.2078,0.336375667
20,0.147,-0.15,1.65,1.23,3,50,5,5,15,-6.059521,7.2078,0.353637177
20,0.147,-0.15,1.65,1.23,3,50,5,5,30,-6.059521,7.2078,0.46238275
20,0.147,-0.15,1.65,1.23,3,50,5,5,45,-6.059521,7.2078,0.492176858
20,0.147,-0.15,1.65,1.23,1,50,5,5,2,-6.059521,7.2078,0.130811345
20,0.147,-0.15,1.65,1.23,1,50,5,5,5,-6.059521,7.2078,0.171351144
20,0.147,-0.15,1.65,1.23,1,50,5,5,10,-6.059521,7.2078,0.181788219
20,0.147,-0.15,1.65,1.23,1,50,5,5,15,-6.059521,7.2078,0.190742131
20,0.147,-0.15,1.65,1.23,1,50,5,5,30,-6.059521,7.2078,0.346016516
20,0.147,-0.15,1.65,1.23,1,50,5,5,45,-6.059521,7.2078,0.405379672
20,0.147,-0.15,1.65,1.23,3,50,6,5,2,-6.059521,7.2078,0.187283513
20,0.147,-0.15,1.65,1.23,3,50,6,5,5,-6.059521,7.2078,0.262869769
20,0.147,-0.15,1.65,1.23,3,50,6,5,10,-6.059521,7.2078,0.335589441
20,0.147,-0.15,1.65,1.23,3,50,6,5,15,-6.059521,7.2078,0.37422861
20,0.147,-0.15,1.65,1.23,3,50,6,5,30,-6.059521,7.2078,0.430724211
20,0.147,-0.15,1.65,1.23,3,50,6,5,45,-6.059521,7.2078,0.458932197
20,0.147,-0.15,1.65,1.23,3,50,7,5,2,-6.059521,7.2078,0.210436852
20,0.147,-0.15,1.65,1.23,3,50,7,5,5,-6.059521,7.2078,0.274255387
20,0.147,-0.15,1.65,1.23,3,50,7,5,10,-6.059521,7.2078,0.323738833
20,0.147,-0.15,1.65,1.23,3,50,7,5,15,-6.059521,7.2078,0.362475683
20,0.147,-0.15,1.65,1.23,3,50,7,5,30,-6.059521,7.2078,0.447655202
20,0.147,-0.15,1.65,1.23,3,50,7,5,45,-6.059521,7.2078,0.500897124
20,0.147,-0.15,1.65,1.23,3,50,8,5,2,-6.059521,7.2078,0.218433721
20,0.147,-0.15,1.65,1.23,3,50,8,5,5,-6.059521,7.2078,0.28550851
20,0.147,-0.15,1.65,1.23,3,50,8,5,10,-6.059521,7.2078,0.349304424
20,0.147,-0.15,1.65,1.23,3,50,8,5,15,-6.059521,7.2078,0.415317842
20,0.147,-0.15,1.65,1.23,3,50,8,5,30,-6.059521,7.2078,0.488703992
20,0.147,-0.15,1.65,1.23,3,50,8,5,45,-6.059521,7.2078,0.536674122
17,0.303,-0.28,1.49,1.017,3,50,4,5,2,-6.059521,7.2078,0.015971348
17,0.303,-0.28,1.49,1.017,3,50,4,5,5,-6.059521,7.2078,0.021604879
17,0.303,-0.28,1.49,1.017,3,50,4,5,10,-6.059521,7.2078,0.059645726
17,0.303,-0.28,1.49,1.017,3,50,4,5,15,-6.059521,7.2078,0.087387475
17,0.303,-0.28,1.49,1.017,3,50,4,5,30,-6.059521,7.2078,0.184725583
17,0.303,-0.28,1.49,1.017,3,50,4,5,45,-6.059521,7.2078,0.232930016
17,0.303,-0.28,1.49,1.017,3,50,5,5,2,-6.059521,7.2078,0.275920256
17,0.303,-0.28,1.49,1.017,3,50,5,5,5,-6.059521,7.2078,0.436799805
17,0.303,-0.28,1.49,1.017,3,50,5,5,10,-6.059521,7.2078,0.57035001
17,0.303,-0.28,1.49,1.017,3,50,5,5,15,-6.059521,7.2078,0.652651173
17,0.303,-0.28,1.49,1.017,3,50,5,5,30,-6.059521,7.2078,0.771745181
17,0.303,-0.28,1.49,1.017,3,50,5,5,45,-6.059521,7.2078,0.814070002
17,0.303,-0.28,1.49,1.017,1,50,5,5,2,-6.059521,7.2078,0.070577639
17,0.303,-0.28,1.49,1.017,1,50,5,5,5,-6.059521,7.2078,0.077749265
17,0.303,-0.28,1.49,1.017,1,50,5,5,10,-6.059521,7.2078,0.094403752
17,0.303,-0.28,1.49,1.017,1,50,5,5,15,-6.059521,7.2078,0.097547712
17,0.303,-0.28,1.49,1.017,1,50,5,5,30,-6.059521,7.2078,0.114542087
17,0.303,-0.28,1.49,1.017,1,50,5,5,45,-6.059521,7.2078,0.124007953
17,0.303,-0.28,1.49,1.017,1,50,5,5,60,-6.059521,7.2078,0.133558792
17,0.303,-0.28,1.49,1.017,3,50,6,5,2,-6.059521,7.2078,0.254746296
17,0.303,-0.28,1.49,1.017,3,50,6,5,5,-6.059521,7.2078,0.444086551
17,0.303,-0.28,1.49,1.017,3,50,6,5,10,-6.059521,7.2078,0.642540452
17,0.303,-0.28,1.49,1.017,3,50,6,5,15,-6.059521,7.2078,0.757853651
17,0.303,-0.28,1.49,1.017,3,50,6,5,30,-6.059521,7.2078,0.905756186
17,0.303,-0.28,1.49,1.017,3,50,6,5,45,-6.059521,7.2078,0.932964493
17,0.303,-0.28,1.49,1.017,3,50,7,5,2,-6.059521,7.2078,0.313088109
17,0.303,-0.28,1.49,1.017,3,50,7,5,5,-6.059521,7.2078,0.621262458
17,0.303,-0.28,1.49,1.017,3,50,7,5,10,-6.059521,7.2078,0.762010862
17,0.303,-0.28,1.49,1.017,3,50,7,5,15,-6.059521,7.2078,0.856168063
17,0.303,-0.28,1.49,1.017,3,50,7,5,30,-6.059521,7.2078,0.947679392
17,0.303,-0.28,1.49,1.017,3,50,7,5,45,-6.059521,7.2078,0.971054569
17,0.303,-0.28,1.49,1.017,3,50,8,5,2,-6.059521,7.2078,0.2615671
17,0.303,-0.28,1.49,1.017,3,50,8,5,5,-6.059521,7.2078,0.492103092
17,0.303,-0.28,1.49,1.017,3,50,8,5,10,-6.059521,7.2078,0.70625036
17,0.303,-0.28,1.49,1.017,3,50,8,5,15,-6.059521,7.2078,0.821873381
17,0.303,-0.28,1.49,1.017,3,50,8,5,30,-6.059521,7.2078,0.92790113
17,0.303,-0.28,1.49,1.017,3,50,8,5,45,-6.059521,7.2078,0.958759523
17,0.303,-0.28,1.49,1.017,3,40,5.1,5,5,-6.187815,7.034,0.158213982
17,0.303,-0.28,1.49,1.017,3,40,5.1,5,15,-6.187815,7.034,0.407375182
17,0.303,-0.28,1.49,1.017,3,40,5.1,5,25,-6.187815,7.034,0.447211928
17,0.303,-0.28,1.49,1.017,3,40,5.1,5,40,-6.187815,7.034,0.472945566
17,0.303,-0.28,1.49,1.017,3,40,5.1,5,60,-6.187815,7.034,0.519398818
17,0.303,-0.28,1.49,1.017,1,40,5.1,5,5,-6.187815,7.034,0.122397735
17,0.303,-0.28,1.49,1.017,1,40,5.1,5,15,-6.187815,7.034,0.145242687
17,0.303,-0.28,1.49,1.017,1,40,5.1,5,25,-6.187815,7.034,0.182094941
17,0.303,-0.28,1.49,1.017,1,40,5.1,5,40,-6.187815,7.034,0.221638699
17,0.303,-0.28,1.49,1.017,1,40,5.1,5,60,-6.187815,7.034,0.254445493
17,0.303,-0.28,1.49,1.017,3,60,4.4,20,7,-6.302726,7.2129,0.00954015
17,0.303,-0.28,1.49,1.017,3,60,4.4,20,15,-6.302726,7.2129,0.046553685
17,0.303,-0.28,1.49,1.017,3,60,4.4,20,28,-6.302726,7.2129,0.092904804
17,0.303,-0.28,1.49,1.017,3,60,4.4,20,42,-6.302726,7.2129,0.146985176
17,0.303,-0.28,1.49,1.017,3,60,4.4,20,60,-6.302726,7.2129,0.183998711
17,0.303,-0.28,1.49,1.017,1,60,4.4,20,7,-6.302726,7.2129,0.0449447
17,0.303,-0.28,1.49,1.017,1,60,4.4,20,15,-6.302726,7.2129,0.053308218
17,0.303,-0.28,1.49,1.017,1,60,4.4,20,28,-6.302726,7.2129,0.070028347
17,0.303,-0.28,1.49,1.017,1,60,4.4,20,42,-6.302726,7.2129,0.085937914
17,0.303,-0.28,1.49,1.017,1,60,4.4,20,60,-6.302726,7.2129,0.101046131
36.8,0.203,-0.3,1.15,1.124,3,50,4,5,2,-6.059521,7.2078,0.040147625
36.8,0.203,-0.3,1.15,1.124,3,50,4,5,5,-6.059521,7.2078,0.084356876
36.8,0.203,-0.3,1.15,1.124,3,50,4,5,10,-6.059521,7.2078,0.128390385
36.8,0.203,-0.3,1.15,1.124,3,50,4,5,15,-6.059521,7.2078,0.142313175
36.8,0.203,-0.3,1.15,1.124,3,50,4,5,30,-6.059521,7.2078,0.24000703
36.8,0.203,-0.3,1.15,1.124,3,50,4,5,45,-6.059521,7.2078,0.272285251
36.8,0.203,-0.3,1.15,1.124,3,50,5,5,2,-6.059521,7.2078,0.261907786
36.8,0.203,-0.3,1.15,1.124,3,50,5,5,5,-6.059521,7.2078,0.366968482
36.8,0.203,-0.3,1.15,1.124,3,50,5,5,10,-6.059521,7.2078,0.504744969
36.8,0.203,-0.3,1.15,1.124,3,50,5,5,15,-6.059521,7.2078,0.571537443
36.8,0.203,-0.3,1.15,1.124,3,50,5,5,30,-6.059521,7.2078,0.700658671
36.8,0.203,-0.3,1.15,1.124,3,50,5,5,45,-6.059521,7.2078,0.780751574
36.8,0.203,-0.3,1.15,1.124,1,50,5,5,2,-6.059521,7.2078,0.154028048
36.8,0.203,-0.3,1.15,1.124,1,50,5,5,5,-6.059521,7.2078,0.172690398
36.8,0.203,-0.3,1.15,1.124,1,50,5,5,10,-6.059521,7.2078,0.214435127
36.8,0.203,-0.3,1.15,1.124,1,50,5,5,15,-6.059521,7.2078,0.270076577
36.8,0.203,-0.3,1.15,1.124,1,50,5,5,30,-6.059521,7.2078,0.364261418
36.8,0.203,-0.3,1.15,1.124,1,50,5,5,45,-6.059521,7.2078,0.419011587
36.8,0.203,-0.3,1.15,1.124,1,50,5,5,60,-6.059521,7.2078,0.471233425
36.8,0.203,-0.3,1.15,1.124,3,50,6,5,2,-6.059521,7.2078,0.243473701
36.8,0.203,-0.3,1.15,1.124,3,50,6,5,5,-6.059521,7.2078,0.369066118
36.8,0.203,-0.3,1.15,1.124,3,50,6,5,10,-6.059521,7.2078,0.482557688
36.8,0.203,-0.3,1.15,1.124,3,50,6,5,15,-6.059521,7.2078,0.586512315
36.8,0.203,-0.3,1.15,1.124,3,50,6,5,30,-6.059521,7.2078,0.709016393
36.8,0.203,-0.3,1.15,1.124,3,50,6,5,45,-6.059521,7.2078,0.79941341
36.8,0.203,-0.3,1.15,1.124,3,50,7,5,2,-6.059521,7.2078,0.240255041
36.8,0.203,-0.3,1.15,1.124,3,50,7,5,5,-6.059521,7.2078,0.381994563
36.8,0.203,-0.3,1.15,1.124,3,50,7,5,10,-6.059521,7.2078,0.49867981
36.8,0.203,-0.3,1.15,1.124,3,50,7,5,15,-6.059521,7.2078,0.563750513
36.8,0.203,-0.3,1.15,1.124,3,50,7,5,30,-6.059521,7.2078,0.736020654
36.8,0.203,-0.3,1.15,1.124,3,50,7,5,45,-6.059521,7.2078,0.818654775
36.8,0.203,-0.3,1.15,1.124,3,35,4.7,10,3,-6.187815,7.034,0.091159195
36.8,0.203,-0.3,1.15,1.124,3,35,4.7,10,8,-6.187815,7.034,0.189542263
36.8,0.203,-0.3,1.15,1.124,3,35,4.7,10,15,-6.187815,7.034,0.222446327
36.8,0.203,-0.3,1.15,1.124,3,35,4.7,10,30,-6.187815,7.034,0.280667702
36.8,0.203,-0.3,1.15,1.124,3,35,4.7,10,60,-6.187815,7.034,0.3275638
36.8,0.203,-0.3,1.15,1.124,1,35,4.7,10,5,-6.187815,7.034,0.122097772
36.8,0.203,-0.3,1.15,1.124,1,35,4.7,10,15,-6.187815,7.034,0.154474142
36.8,0.203,-0.3,1.15,1.124,1,35,4.7,10,25,-6.187815,7.034,0.212502527
36.8,0.203,-0.3,1.15,1.124,1,35,4.7,10,40,-6.187815,7.034,0.234571995
36.8,0.203,-0.3,1.15,1.124,1,35,4.7,10,60,-6.187815,7.034,0.248691925
36.8,0.203,-0.3,1.15,1.124,3,50,4.4,20,7,-6.302726,7.2129,0.134021674
36.8,0.203,-0.3,1.15,1.124,3,50,4.4,20,16,-6.302726,7.2129,0.160597274
36.8,0.203,-0.3,1.15,1.124,3,50,4.4,20,30,-6.302726,7.2129,0.196505805
36.8,0.203,-0.3,1.15,1.124,3,50,4.4,20,45,-6.302726,7.2129,0.231294128
36.8,0.203,-0.3,1.15,1.124,3,50,4.4,20,60,-6.302726,7.2129,0.249127838
36.8,0.203,-0.3,1.15,1.124,1,50,4.4,20,7,-6.302726,7.2129,0.05343422
36.8,0.203,-0.3,1.15,1.124,1,50,4.4,20,16,-6.302726,7.2129,0.085799123
36.8,0.203,-0.3,1.15,1.124,1,50,4.4,20,30,-6.302726,7.2129,0.09759298
36.8,0.203,-0.3,1.15,1.124,1,50,4.4,20,45,-6.302726,7.2129,0.10533756
36.8,0.203,-0.3,1.15,1.124,1,50,4.4,20,60,-6.302726,7.2129,0.143656885
